{
  "bin": "dist/update-console.js",
  "pkg": {
    "assets": [
      "dist/public/**/*",
      "views/**/*"
    ]
  },
  "dependencies": {
    "@types/prettyjson": "0.0.28",
    "body-parser": "^1.18.3",
    "cors": "^2.8.5",
    "date-math": "0.0.1",
    "dateformat": "^3.0.3",
    "ejs-mate": "^3.0.0",
    "errorhandler": "^1.5.0",
    "express": "^4.16.2",
    "express-fileupload": "^1.0.0",
    "fs-extra": "^7.0.1",
    "inversify": "^5.0.1",
    "inversify-express-utils": "^6.2.0",
    "left-pad": "^1.3.0",
    "lodash": "^4.17.11",
    "moment": "^2.22.2",
    "prettyjson": "^1.2.1",
    "reflect-metadata": "^0.1.12",
    "underscore": "^1.9.1",
    "uuid": "^3.3.2",
    "yargs": "^12.0.5"
  }
}
