File Location,Line Number,Issue,Type,Severity,Effort,Rule,Tags
com.adobe.cq.sample:we.retail.core:src/main/java/we/retail/core/components/impl/CartEntryServlet.java,82,"Make ""xssAPI"" transient or serializable.",Code Smell,Critical,30min,squid:S1948,"cwe,serialization"
com.adobe.cq.sample:we.retail.core:src/main/java/we/retail/core/WeRetailCommerceServiceImpl.java,173,Catch a list of specific exception subtypes instead.,Code Smell,Major,15min,squid:S2221,"cwe,error-handling"
com.adobe.cq.sample:we.retail.core:src/main/java/we/retail/core/WeRetailCommerceSessionImpl.java,91,Catch a list of specific exception subtypes instead.,Code Smell,Major,15min,squid:S2221,"cwe,error-handling"
com.adobe.cq.sample:we.retail.core:src/main/java/we/retail/core/WeRetailCommerceSessionImpl.java,121,Catch a list of specific exception subtypes instead.,Code Smell,Major,15min,squid:S2221,"cwe,error-handling"
com.adobe.cq.sample:we.retail.core:src/main/java/we/retail/core/components/impl/CartEntryServlet.java,125,Catch a list of specific exception subtypes instead.,Code Smell,Major,15min,squid:S2221,"cwe,error-handling"
com.adobe.cq.sample:we.retail.core:src/main/java/we/retail/core/model/OrderModel.java,63,Define and throw a dedicated exception instead of using a generic one.,Code Smell,Major,20min,squid:S00112,"cert,cwe,error-handling"
com.adobe.cq.sample:we.retail.core:src/main/java/we/retail/core/model/ShoppingCartModel.java,72,Define and throw a dedicated exception instead of using a generic one.,Code Smell,Major,20min,squid:S00112,"cert,cwe,error-handling"
com.adobe.cq.sample:we.retail.core:src/main/java/we/retail/core/model/ShoppingCartPricesModel.java,87,Define and throw a dedicated exception instead of using a generic one.,Code Smell,Major,20min,squid:S00112,"cert,cwe,error-handling"
com.adobe.cq.sample:we.retail.core:src/main/java/we/retail/core/model/VendorOrderModel.java,43,Define and throw a dedicated exception instead of using a generic one.,Code Smell,Major,20min,squid:S00112,"cert,cwe,error-handling"
com.adobe.cq.sample:we.retail.core:src/main/java/we/retail/core/util/UrlHelper.java,32,"Cast one of the operands of this multiplication operation to a ""long"".",Bug,Minor,5min,squid:S2184,"cert,cwe,misra,overflow,sans-top25-risky"
com.adobe.cq.sample:we.retail.core:src/main/java/we/retail/core/WeRetailCommerceServiceFactory.java,34,Use constant SERVICE_DESCRIPTION from interface org.osgi.framework.Constants instead of hardcoded value.,Code Smell,Minor,,AEM Rules:AEM-1,aem
com.adobe.cq.sample:we.retail.core:src/main/java/we/retail/core/WeRetailCommerceServiceImpl.java,159,"Remove this use of ""isA""; it is deprecated.",Code Smell,Minor,15min,squid:CallToDeprecatedMethod,"cert,cwe,obsolete"
com.adobe.cq.sample:we.retail.core:src/main/java/we/retail/core/WeRetailCommerceServiceImpl.java,166,Use constant NT_UNSTRUCTURED from interface com.day.cq.commons.jcr.JcrConstants instead of hardcoded value.,Code Smell,Minor,,AEM Rules:AEM-2,aem
com.adobe.cq.sample:we.retail.core:src/main/java/we/retail/core/components/impl/CartEntryServlet.java,65,Use constant SERVICE_DESCRIPTION from interface org.osgi.framework.Constants instead of hardcoded value.,Code Smell,Minor,,AEM Rules:AEM-1,aem
com.adobe.cq.sample:we.retail.core:src/main/java/we/retail/core/components/impl/CartEntryServlet.java,70,Use constant METHOD_POST from class org.apache.sling.api.servlets.HttpConstants instead of hardcoded value.,Code Smell,Minor,,AEM Rules:AEM-1,aem
com.adobe.cq.sample:we.retail.core:src/main/java/we/retail/core/model/handler/CommerceHandler.java,64,"Remove this use of ""optional""; it is deprecated.",Code Smell,Minor,15min,squid:CallToDeprecatedMethod,"cert,cwe,obsolete"
com.adobe.cq.sample:we.retail.core:src/main/java/we/retail/core/model/handler/CommerceHandler.java,67,"Remove this use of ""optional""; it is deprecated.",Code Smell,Minor,15min,squid:CallToDeprecatedMethod,"cert,cwe,obsolete"
com.adobe.cq.sample:we.retail.core:src/main/java/we/retail/core/model/handler/CommerceHandler.java,70,"Remove this use of ""optional""; it is deprecated.",Code Smell,Minor,15min,squid:CallToDeprecatedMethod,"cert,cwe,obsolete"
com.adobe.cq.sample:we.retail.core:src/main/java/we/retail/core/model/handler/CommerceHandler.java,73,"Remove this use of ""optional""; it is deprecated.",Code Smell,Minor,15min,squid:CallToDeprecatedMethod,"cert,cwe,obsolete"
com.adobe.cq.sample:we.retail.core:src/main/java/we/retail/core/productrelationships/SimilarProductsCollector.java,77,Use constant PN_TAGS from interface com.day.cq.tagging.TagConstants.PN_TAGS or interface com.day.cq.wcm.api.NameConstants instead of hardcoded value.,Code Smell,Minor,,AEM Rules:AEM-2,aem
com.adobe.cq.sample:we.retail.core:src/main/java/we/retail/core/productrelationships/SimilarProductsCollector.java,135,Use constant PN_TAGS from interface com.day.cq.tagging.TagConstants.PN_TAGS or interface com.day.cq.wcm.api.NameConstants instead of hardcoded value.,Code Smell,Minor,,AEM Rules:AEM-2,aem
com.adobe.cq.sample:we.retail.core:src/main/java/we/retail/core/model/CountriesFormOptionsDataSource.java,105,"Remove this use of ""CURRENT_PAGE""; it is deprecated.",Code Smell,Minor,15min,squid:CallToDeprecatedMethod,"cert,cwe,obsolete"
com.adobe.cq.sample:we.retail.core:src/main/java/we/retail/core/model/ProductItem.java,224,"Remove this use of ""JSONObject""; it is deprecated.",Code Smell,Minor,15min,squid:CallToDeprecatedMethod,"cert,cwe,obsolete"
com.adobe.cq.sample:we.retail.core:src/main/java/we/retail/core/components/impl/CartEntryServlet.java,79,Do not hardcode paths using String literals,Code Smell,Minor,10min,CQRules:CQBP-71,cqsoftwarequality
com.adobe.cq.sample:we.retail.core:src/main/java/we/retail/core/components/impl/CartEntryServlet.java,123,"Remove this use of ""JSONObject""; it is deprecated.",Code Smell,Minor,15min,squid:CallToDeprecatedMethod,"cert,cwe,obsolete"
com.adobe.cq.sample:we.retail.core:src/main/java/we/retail/core/components/impl/CartEntryServlet.java,123,"Remove this use of ""JSONObject""; it is deprecated.",Code Smell,Minor,15min,squid:CallToDeprecatedMethod,"cert,cwe,obsolete"
com.adobe.cq.sample:we.retail.core:src/main/java/we/retail/core/WeRetailCommerceServiceImpl.java,95,"Remove this use of ""AbstractJcrVoucher""; it is deprecated.",Code Smell,Minor,15min,squid:CallToDeprecatedMethod,"cert,cwe,obsolete"
com.adobe.cq.sample:we.retail.core:src/main/java/we/retail/core/WeRetailCommerceServiceImpl.java,96,"Remove this use of ""AbstractJcrVoucher""; it is deprecated.",Code Smell,Minor,15min,squid:CallToDeprecatedMethod,"cert,cwe,obsolete"
com.adobe.cq.sample:we.retail.core:src/main/java/we/retail/core/WeRetailCommerceSessionImpl.java,116,"Remove this use of ""XPATH""; it is deprecated.",Code Smell,Minor,15min,squid:CallToDeprecatedMethod,"cert,cwe,obsolete"
