[
    {
        "XPointValue": 1540830180000,
        "YPointValue": 0
    },
    {
        "XPointValue": 1540830240000,
        "YPointValue": 0
    },
    {
        "XPointValue": 1540830300000,
        "YPointValue": 0
    },
    {
        "XPointValue": 1540830360000,
        "YPointValue": 0
    },
    {
        "XPointValue": 1540830420000,
        "YPointValue": 0
    },
    {
        "XPointValue": 1540830480000,
        "YPointValue": 0
    },
    {
        "XPointValue": 1540830540000,
        "YPointValue": 0
    },
    {
        "XPointValue": 1540830600000,
        "YPointValue": 0
    },
    {
        "XPointValue": 1540830660000,
        "YPointValue": 0
    },
    {
        "XPointValue": 1540830720000,
        "YPointValue": 0
    },
    {
        "XPointValue": 1540830780000,
        "YPointValue": 0
    },
    {
        "XPointValue": 1540830840000,
        "YPointValue": 0
    },
    {
        "XPointValue": 1540830900000,
        "YPointValue": 0
    },
    {
        "XPointValue": 1540830960000,
        "YPointValue": 0
    },
    {
        "XPointValue": 1540831020000,
        "YPointValue": 0
    },
    {
        "XPointValue": 1540831080000,
        "YPointValue": 0
    },
    {
        "XPointValue": 1540831140000,
        "YPointValue": 0
    },
    {
        "XPointValue": 1540831200000,
        "YPointValue": 0
    },
    {
        "XPointValue": 1540831260000,
        "YPointValue": 0
    },
    {
        "XPointValue": 1540831320000,
        "YPointValue": 0
    },
    {
        "XPointValue": 1540831380000,
        "YPointValue": 0
    },
    {
        "XPointValue": 1540831440000,
        "YPointValue": 0
    },
    {
        "XPointValue": 1540831500000,
        "YPointValue": 0
    },
    {
        "XPointValue": 1540831560000,
        "YPointValue": 0
    },
    {
        "XPointValue": 1540831620000,
        "YPointValue": 0
    },
    {
        "XPointValue": 1540831680000,
        "YPointValue": 0
    },
    {
        "XPointValue": 1540831740000,
        "YPointValue": 0
    },
    {
        "XPointValue": 1540831800000,
        "YPointValue": 0
    },
    {
        "XPointValue": 1540831860000,
        "YPointValue": 0
    },
    {
        "XPointValue": 1540831920000,
        "YPointValue": 0
    },
    {
        "XPointValue": 1540831980000,
        "YPointValue": 0
    }
]