[{"XPointValue":1540830180000,"YPointValue":2.609},{"XPointValue":1540830240000,"YPointValue":2.372},{"XPointValue":1540830300000,"YPointValue":2.497},{"XPointValue":1540830360000,"YPointValue":2.597},{"XPointValue":1540830420000,"YPointValue":2.87},{"XPointValue":1540830480000,"YPointValue":2.58},{"XPointValue":1540830540000,"YPointValue":2.241},{"XPointValue":1540830600000,"YPointValue":2.731},{"XPointValue":1540830660000,"YPointValue":2.415},{"XPointValue":1540830720000,"YPointValue":2.78},{"XPointValue":1540830780000,"YPointValue":2.417},{"XPointValue":1540830840000,"YPointValue":2.543},{"XPointValue":1540830900000,"YPointValue":2.199},{"XPointValue":1540830960000,"YPointValue":2.67},{"XPointValue":1540831020000,"YPointValue":2.67},{"XPointValue":1540831080000,"YPointValue":4.424},{"XPointValue":1540831140000,"YPointValue":2.273},{"XPointValue":1540831200000,"YPointValue":2.34},{"XPointValue":1540831260000,"YPointValue":2.303},{"XPointValue":1540831320000,"YPointValue":2.223},{"XPointValue":1540831380000,"YPointValue":2.269},{"XPointValue":1540831440000,"YPointValue":2.229},{"XPointValue":1540831500000,"YPointValue":2.311},{"XPointValue":1540831560000,"YPointValue":2.744},{"XPointValue":1540831620000,"YPointValue":2.263},{"XPointValue":1540831680000,"YPointValue":2.211},{"XPointValue":1540831740000,"YPointValue":2.21},{"XPointValue":1540831800000,"YPointValue":2.299},{"XPointValue":1540831860000,"YPointValue":2.345},{"XPointValue":1540831920000,"YPointValue":2.298},{"XPointValue":1540831980000,"YPointValue":2.201}]