{
    "codeQuality": [
        {
            "id": "skipped_tests",
            "severity": "informational",
            "expectedValue": "0",
            "comparator": "EQ",
            "kpi": "skipped_tests"
        },
        {
            "id": "duplicated_lines_density",
            "severity": "informational",
            "expectedValue": "1",
            "comparator": "LTE",
            "kpi": "duplicated_lines_density"
        },
        {
            "id": "reliability_rating",
            "severity": "important",
            "expectedValue": "C",
            "comparator": "GTE",
            "kpi": "reliability_rating"
        },
        {
            "id": "coverage",
            "severity": "important",
            "expectedValue": "50",
            "comparator": "GTE",
            "kpi": "coverage"
        },
        {
            "id": "security_rating_imp",
            "severity": "important",
            "expectedValue": "A",
            "comparator": "EQ",
            "kpi": "security_rating"
        },
        {
            "id": "open_issues",
            "severity": "informational",
            "expectedValue": "1",
            "comparator": "LT",
            "kpi": "open_issues"
        },
        {
            "id": "security_rating",
            "severity": "critical",
            "expectedValue": "B",
            "comparator": "GTE",
            "kpi": "security_rating"
        },
        {
            "id": "sqale_rating",
            "severity": "important",
            "expectedValue": "A",
            "comparator": "EQ",
            "kpi": "sqale_rating"
        }
    ],
    "securityTest": [
        {
            "id": "replication_and_transport_users",
            "severity": "informational",
            "expectedValue": "true",
            "comparator": "EQ",
            "kpi": "replication_and_transport_users"
        },
        {
            "id": "deserialization_firewall_attach_api_readiness",
            "severity": "critical",
            "expectedValue": "true",
            "comparator": "EQ",
            "kpi": "deserialization_firewall_attach_api_readiness"
        },
        {
            "id": "ssl_configuration",
            "severity": "critical",
            "expectedValue": "true",
            "comparator": "EQ",
            "kpi": "ssl_configuration"
        },
        {
            "id": "sling_get_servlet",
            "severity": "critical",
            "expectedValue": "true",
            "comparator": "EQ",
            "kpi": "sling_get_servlet"
        },
        {
            "id": "davex_health_check",
            "severity": "important",
            "expectedValue": "true",
            "comparator": "EQ",
            "kpi": "davex_health_check"
        },
        {
            "id": "deserialization_firewall_loaded",
            "severity": "critical",
            "expectedValue": "true",
            "comparator": "EQ",
            "kpi": "deserialization_firewall_loaded"
        },
        {
            "id": "cq_html_library_manager_config",
            "severity": "critical",
            "expectedValue": "true",
            "comparator": "EQ",
            "kpi": "cq_html_library_manager_config"
        },
        {
            "id": "sling_java_script_handler",
            "severity": "critical",
            "expectedValue": "true",
            "comparator": "EQ",
            "kpi": "sling_java_script_handler"
        },
        {
            "id": "deserialization_firewall_functional",
            "severity": "critical",
            "expectedValue": "true",
            "comparator": "EQ",
            "kpi": "deserialization_firewall_functional"
        },
        {
            "id": "sling_referrer_filter",
            "severity": "critical",
            "expectedValue": "true",
            "comparator": "EQ",
            "kpi": "sling_referrer_filter"
        },
        {
            "id": "example_content_packages",
            "severity": "important",
            "expectedValue": "true",
            "comparator": "EQ",
            "kpi": "example_content_packages"
        },
        {
            "id": "default_login_accounts",
            "severity": "critical",
            "expectedValue": "true",
            "comparator": "EQ",
            "kpi": "default_login_accounts"
        },
        {
            "id": "web_server_configuration",
            "severity": "important",
            "expectedValue": "true",
            "comparator": "EQ",
            "kpi": "web_server_configuration"
        },
        {
            "id": "cq_dispatcher_configuration",
            "severity": "critical",
            "expectedValue": "true",
            "comparator": "EQ",
            "kpi": "cq_dispatcher_configuration"
        },
        {
            "id": "sling_jsp_script_handler",
            "severity": "critical",
            "expectedValue": "true",
            "comparator": "EQ",
            "kpi": "sling_jsp_script_handler"
        },
        {
            "id": "webdav_health_check",
            "severity": "important",
            "expectedValue": "true",
            "comparator": "EQ",
            "kpi": "webdav_health_check"
        },
        {
            "id": "crxde_support",
            "severity": "important",
            "expectedValue": "true",
            "comparator": "EQ",
            "kpi": "crxde_support"
        },
        {
            "id": "user_profile_default_access",
            "severity": "critical",
            "expectedValue": "true",
            "comparator": "EQ",
            "kpi": "user_profile_default_access"
        },
        {
            "id": "authorizable_node_name_generation",
            "severity": "critical",
            "expectedValue": "true",
            "comparator": "EQ",
            "kpi": "authorizable_node_name_generation"
        },
        {
            "id": "wcm_filter_configuration",
            "severity": "important",
            "expectedValue": "true",
            "comparator": "EQ",
            "kpi": "wcm_filter_configuration"
        }
    ],
    "loadTest": [
        {
            "id": "disk_bandwidth_util",
            "severity": "important",
            "expectedValue": "90",
            "comparator": "LT",
            "kpi": "disk_bandwidth_util"
        },
        {
            "id": "requests_per_minute",
            "severity": "informational",
            "expectedValue": "6000",
            "comparator": "LT",
            "kpi": "requests_per_minute"
        },
        {
            "id": "cpu_utilization_rate",
            "severity": "critical",
            "expectedValue": "80",
            "comparator": "LT",
            "kpi": "cpu_utilization_rate"
        },
        {
            "id": "views_per_minute",
            "severity": "important",
            "expectedValue": "{avgVisitorsPerMin}",
            "comparator": "GT",
            "kpi": "views_per_minute"
        },
        {
            "id": "error_rate",
            "severity": "critical",
            "expectedValue": "2",
            "comparator": "LT",
            "kpi": "error_rate"
        },
        {
            "id": "network_bandwidth_util",
            "severity": "important",
            "expectedValue": "90",
            "comparator": "LT",
            "kpi": "network_bandwidth_util"
        },
        {
            "id": "disk_io_wait_time",
            "severity": "critical",
            "expectedValue": "50",
            "comparator": "LT",
            "kpi": "disk_io_wait_time"
        },
        {
            "id": "response_time",
            "severity": "important",
            "expectedValue": "{avgResponseTimeInSec}",
            "comparator": "LT",
            "kpi": "response_time"
        },
        {
            "id": "peak_resp_time",
            "severity": "important",
            "expectedValue": "18",
            "comparator": "LT",
            "kpi": "peak_resp_time"
        },
        {
            "id": "uploads_per_minute",
            "severity": "important",
            "expectedValue": "{assetsUploadPerMinute}",
            "comparator": "GT",
            "kpi": "uploads_per_minute"
        },
        {
            "id": "processing_time",
            "severity": "important",
            "expectedValue": "{assetsProcessingTime}",
            "comparator": "LT",
            "kpi": "processing_time"
        }
    ]
}