[
    {
        "name": "System notification(s)",
        "id": "SYSTEM"
    },
    {
        "name": "Report shared",
        "id": "REPORT_SHARED"
    },
    {
        "name": "Event start",
        "id": "EVENT_START"
    },
    {
        "name": "Event end",
        "id": "EVENT_END"
    },
    {
        "name": "Action required",
        "id": "ACTION_REQUIRED"
    },
    {
        "name": "Threshold triggered",
        "id": "THRESHOLD_TRIGGER"
    },
    {
        "name":"Post Shared",
        "id":"FREE_FORM_POST"
    }
]