[
    {
        "id": "weretail-global",
        "title": "We.Retail Global",
        "thumbnail": "/images/we-retail-logo.png",
        "description": "We.Retail Global brand commerce site",
        "solutions" : [
            "aemsites",
            "aemassets"
        ],
        "tenantId" : "weretailprod",
        "pipeline": {
            "repository": "weretail",
            "branch": "yellow",
            "trigger": "manual",
            "importantMetricsFailureBehavior" : "PAUSE",
            "goliveapproval" : true,
            "cseoversight" : true,
            "cseType" : "anyCse",
            "popularPagesWeight": 33,
            "otherPagesWeight": 33,
            "newPagesWeight": 34,
            "imageAssetsWeight": 50,
            "pdfAssetsWeight": 50,
            "stageDispatcher" : [],
            "productionDispatcher" : [],
            "stageEnvironmentId": "weretail-global-stage",
            "prodEnvironmentId": "weretail-global-prod"
        },
        "kpis" : {
            "avgVisitorsPerMin" : 200,
            "avgResponseTimeInSec" : 3,
            "assetsProcessingTime": 5,
            "assetsUploadPerMinute" : 10
        },
        "branches": [
            "master",
            "yellow"
        ],
        "capabilities" : {
            "#cloud": true
        },
        "environments" : [
            {
                "name" : "weretail-global-prod",
                "type" : "prod",
                "status" : "running",
                "urls": {
                    "author" : "https://author-weretail-global-prod.adobecqms.net/",
                    "publish" : "https://weretail-global-prod.adobecqms.net/"
                }
            },
            {
                "name" : "weretail-global-stage",
                "type" : "stage",
                "status" : "running",
                "urls": {
                    "author" : "https://author-weretail-global-stage.adobecqms.net/",
                    "publish" : "https://weretail-global-stage.adobecqms.net/"
                }
            },
            {
                "name" : "weretail-global-dev",
                "type" : "dev",
                "status" : "running"
            }
        ],
        "scaleSettings" : {
            "autoScale" : {
                "apdexThreshold" : 1,
                "autoScalePolicy" : "POLICY1",
                "autoScaleProdActive" : true
            },
            "onDemandScale" : {
                "maxTiersOnDemandNonProd" : 1,
                "maxTiersOnDemandProd" : 4,
                "onDemandScaleNonProdEnabled" : true,
                "onDemandScaleProdEnabled" : true
            },
            "baselinePDTiersNonProd" : 0,
            "baselinePDTiersProd" : 0
        },
        "branchExecutionMapping" : {
            "yellow" : "5",
            "master" : "6"
        },
        "executions": {
            "6" : {
                "id" : "6",
                "pipelineId" : "main",
                "version" : "2018.526.65809.0000000006",
                "createdAt": "2018-05-26T06:58:09.528+0000",
                "updatedAt": "2018-05-26T09:23:42.335+0000",
                "finishedAt": "2018-05-26T09:23:42.334+0000",
                "user" : "63A932C65A8C2F760A494008@AdobeID",
                "status" : "FINISHED",
                "branch" : "master",
                "overriddenSteps" : [ "codeQuality", "securityTest"],
                "stepsRequiringOverride" : [ "codeQuality", "securityTest"],
                "options" : { "approval": true, "managed": true },
                "pipelineType" : "CI_CD"
            },
            "5" : {
                "id" : "5",
                "pipelineId" : "main",
                "version" : "2018.526.65809.0000000006",
                "createdAt": "2018-05-26T05:58:09.528+0000",
                "updatedAt": "2018-05-26T06:23:42.335+0000",
                "finishedAt": "2018-05-26T06:23:42.334+0000",
                "user" : "63A932C65A8C2F760A494008@AdobeID",
                "status" : "FAILED",
                "failureStep" : "codeQuality",
                "branch" : "yellow",
                "pipelineType" : "CI_CD"
            }
        }
    },
    {
        "id": "weretail-assets",
        "title": "We.Retail Assets",
        "#thumbnail": "/program-thumbnail.jpg",
        "description": "Description of We.Retail Assets",
        "solutions" : [
            "aemassets"
        ],
        "kpis" : {
            "assetsProcessingTime": 5,
            "assetsUploadPerMinute" : 10
        },
        "branches": [
            "master",
            "black"
        ],
        "environments" : [
            {
                "name" : "weretail-assets-prod",
                "type" : "prod",
                "status" : "running"
            },
            {
                "name" : "weretail-assets-stage",
                "type" : "stage",
                "status" : "running"
            }
        ],
        "scaleSettings" : {
            "autoScale" : {
                "apdexThreshold" : 1,
                "autoScalePolicy" : "POLICY1",
                "autoScaleProdActive" : true
            },
            "onDemandScale" : {
                "maxTiersOnDemandNonProd" : 0,
                "maxTiersOnDemandProd" : 0,
                "onDemandScaleNonProdEnabled" : false,
                "onDemandScaleProdEnabled" : false
            },
            "baselinePDTiersNonProd" : 0,
            "baselinePDTiersProd" : 0
        },
        "branchExecutions" : {
            "master" : {
                "pipelineId" : "main",
                "version" : "2018.526.65809.0000000006",
                "createdAt": "2018-05-26T06:58:09.528+0000",
                "updatedAt": "2018-05-26T09:23:42.335+0000",
                "finishedAt": "2018-05-26T09:23:42.334+0000",
                "user" : "63A932C65A8C2F760A494008@AdobeID",
                "status" : "FINISHED",
                "branch" : "master",
                "overriddenSteps" : [ "codeQuality", "securityTest"],
                "stepsRequiringOverride" : [ "codeQuality", "securityTest"],
                "options" : { "approval": true, "managed": true },
                "pipelineType" : "CI_CD"
            },
            "black" : {
                "pipelineId" : "main",
                "version" : "2018.526.65809.0000000006",
                "createdAt": "2018-05-26T05:58:09.528+0000",
                "updatedAt": "2018-05-26T06:23:42.335+0000",
                "finishedAt": "2018-05-26T06:23:42.334+0000",
                "user" : "63A932C65A8C2F760A494008@AdobeID",
                "status" : "FAILED",
                "failureStep" : "codeQuality",
                "branch" : "black",
                "pipelineType" : "CI_CD"
            }
        }
    },
    {
        "id": "weretail-intranet",
        "title": "We.Retail Intranet",
        "thumbnail": "/images/we-retail-intranet-logo.jpeg",
        "description": "Description of We.Retail Intranet",
        "solutions" : [
            "aemsites",
            "aemassets",
            "aemforms"
        ],
        "branches" : [
            "master"
        ],
        "branchExecutions" : {
            "master" : {
                "pipelineId" : "main",
                "version" : "2018.526.65809.0000000006",
                "createdAt": "2018-05-26T06:58:09.528+0000",
                "updatedAt": "2018-05-26T09:23:42.335+0000",
                "finishedAt": "2018-05-26T09:23:42.334+0000",
                "user" : "63A932C65A8C2F760A494008@AdobeID",
                "status" : "FINISHED",
                "branch" : "master",
                "overriddenSteps" : [ "codeQuality", "securityTest"],
                "stepsRequiringOverride" : [ "codeQuality", "securityTest"],
                "options" : { "approval": true, "managed": true },
                "pipelineType" : "CI_CD"
            }
        },
        "environments" : [
            {
                "name" : "weretail-intranet-prod",
                "type" : "prod",
                "status" : "running"
            },
            {
                "name" : "weretail-intranet-stage",
                "type" : "stage",
                "status" : "running"
            },
            {
                "name" : "weretail-intranet-qa",
                "type" : "dev",
                "status" : "coming up"
            },
            {
                "name" : "weretail-intranet-dev",
                "type" : "dev",
                "status" : "stopped"
            }
        ],
        "scaleSettings" : {
            "autoScale" : {
                "apdexThreshold" : 1,
                "autoScalePolicy" : "POLICY1",
                "autoScaleProdActive" : true
            },
            "onDemandScale" : {
                "maxTiersOnDemandNonProd" : 0,
                "maxTiersOnDemandProd" : 0,
                "onDemandScaleNonProdEnabled" : false,
                "onDemandScaleProdEnabled" : false
            },
            "baselinePDTiersNonProd" : 0,
            "baselinePDTiersProd" : 0
        }
    },
    {
        "id": "weretail-hospitality",
        "title": "We.Retail Hospitality",
        "thumbnail": "/images/we-retail-meals-logo.jpeg",
        "description": "Description of We.Retail Hospitality",
        "tenantId": "weretailprod",
        "solutions": [
            "aemsites",
            "aemassets"
        ],
        "branches" : [],
        "branchExecutions" : {
            "master" : {
                "pipelineId" : "main",
                "version" : "2018.526.65809.0000000006",
                "createdAt": "2018-05-26T06:58:09.528+0000",
                "updatedAt": "2018-05-26T09:23:42.335+0000",
                "finishedAt": "2018-05-26T09:23:42.334+0000",
                "user" : "63A932C65A8C2F760A494008@AdobeID",
                "status" : "FINISHED",
                "branch" : "master",
                "overriddenSteps" : [ "codeQuality", "securityTest"],
                "stepsRequiringOverride" : [ "codeQuality", "securityTest"],
                "options" : { "approval": true, "managed": true },
                "pipelineType" : "CI_CD"
            }
        },
        "environments" : [
            {
                "name" : "weretail-hospitality-prod",
                "type" : "prod",
                "status" : "running",
                "urls": {
                    "author" : "https://author-weretail-hospitality-prod.adobecqms.net/",
                    "publish" : "https://weretail-hospitality-prod.adobecqms.net/"
                }
            },
            {
                "name" : "weretail-hospitality-stage",
                "type" : "stage",
                "status" : "running",
                "urls": {
                    "author" : "https://author-weretail-hospitality-stage.adobecqms.net/",
                    "publish" : "https://weretail-hospitality-stage.adobecqms.net/"
                }
            },
            {
                "name" : "weretail-hospitality-dev",
                "type" : "dev",
                "status" : "running"
            }
        ],
        "scaleSettings" : {
            "autoScale" : {
                "apdexThreshold" : 1,
                "autoScalePolicy" : "POLICY1",
                "autoScaleProdActive" : true
            },
            "onDemandScale" : {
                "maxTiersOnDemandNonProd" : 1,
                "maxTiersOnDemandProd" : 4,
                "onDemandScaleNonProdEnabled" : true,
                "onDemandScaleProdEnabled" : true
            },
            "baselinePDTiersNonProd" : 0,
            "baselinePDTiersProd" : 0
        }
    }
]